,ServiceNo,Operator,Direction,Category,OriginCode,DestinationCode,AM_Peak_Freq,AM_Offpeak_Freq,PM_Peak_Freq,PM_Offpeak_Freq,LoopDesc
0,118,GAS,1,TRUNK,65009,97009,5-08,8-12,8-10,09-14,
1,118,GAS,2,TRUNK,97009,65009,10-10,8-11,4-08,9-12,
2,118A,GAS,1,TRUNK,65009,96119,06-66,-,-,-,
3,118B,GAS,1,TRUNK,96111,65191,-,-,24-57,-,
4,119,GAS,1,TRUNK,65009,65009,09-13,12-18,12-15,15-17,Hougang St 21
5,12,GAS,1,TRUNK,77009,10499,09-10,09-14,10-12,12-14,
6,12,GAS,2,TRUNK,10499,77009,10-11,09-15,08-12,12-13,
7,12e,GAS,1,EXPRESS,77009,10499,30-30,30-30,30-30,-,
8,12e,GAS,2,EXPRESS,10499,77009,-,30-30,30-30,30-30,
9,136,GAS,1,TRUNK,54009,65009,09-13,10-13,10-15,15-19,
10,136,GAS,2,TRUNK,65009,54009,08-15,11-16,10-11,17-20,
11,15,GAS,1,TRUNK,77009,77009,04-09,04-13,07-15,13-16,Marine Parade Rd
12,15A,GAS,1,TRUNK,77009,83109,09-17,-,-,-,
13,17,GAS,1,TRUNK,77009,84009,08-11,10-12,10-11,11-15,
14,17,GAS,2,TRUNK,84009,77009,05-11,05-12,05-12,05-12,
15,17A,GAS,1,TRUNK,84009,84591,04-22,10-46,10-22,22-24,Bedok Nth Dr
16,2,GAS,1,TRUNK,99009,10499,10-10,09-16,09-18,14-18,
17,2,GAS,2,TRUNK,10499,99009,08-12,09-17,09-10,10-18,
18,2B,GAS,1,TRUNK,99009,84039,18-62,-,17-55,-,
19,3,GAS,1,TRUNK,75009,65009,07-11,09-14,08-09,12-14,
20,3,GAS,2,TRUNK,65009,75009,08-10,09-15,09-12,12-17,
21,34,GAS,1,TRUNK,65009,65009,4-9,4-15,9-13,11-14,PTB2 Basement
22,34A,GAS,1,TRUNK,65009,76059,19-40,22-38,-,-,PTB2 Basement
23,34B,GAS,1,TRUNK,75359,75351,-,-,-,-,
24,354,GAS,1,FEEDER,77009,77009,7-08,7-09,7-08,08-15,Jln Loyang Besar
25,358,GAS,1,FEEDER,77009,77009,05-07,07-08,05-07,05-13,Pasir Ris Dr 10
26,359,GAS,1,FEEDER,77009,77009,04-08,05-11,04-11,03-12,Pasir Ris St 71
27,359,GAS,2,FEEDER,77009,77009,04-08,05-11,04-11,03-12,Pasir Ris St 71
28,36,GAS,1,TRUNK,95129,95129,08-08,08-11,07-09,07-12,Tomlinson Rd
29,36A,GAS,1,TRUNK,95129,09191,-,-,-,-,
30,36B,GAS,1,TRUNK,93049,93199,08-08,08-288,08-135,-,
31,381,GAS,1,FEEDER,65009,65009,10-10,10-12,10-12,10-15,Punggol East
32,382,GAS,1,FEEDER,65009,65009,8,8-10,8-10,8-12,Sumang Walk
33,382,GAS,2,FEEDER,65009,65009,8,8-10,8-10,8-12,Sumang Walk
34,382A,GAS,1,FEEDER,65009,65531,-,-,-,24-24,
35,382G,GAS,1,FEEDER,65009,65009,8-08,8-10,8-10,8-12,Sumang Walk
36,382W,GAS,1,FEEDER,65009,65009,08-08,08-10,08-10,08-12,Sumang Walk
37,384,GAS,1,FEEDER,65009,65009,15-15,15-15,15-15,15-20,Northshore Dr
38,386,GAS,1,FEEDER,65009,65009,07-08,10-15,07-10,07-15,Punggol Ctrl
39,386A,GAS,1,FEEDER,65009,65371,-,-,22-40,25-30,
40,3A,GAS,1,TRUNK,75009,77331,-,68-68,-,12-12,
41,403,GAS,1,TRUNK,77009,77009,13-13,13-19,14-19,14-25,Pasir Ris Rd
42,43,GAS,1,TRUNK,65009,94009,09-10,13-16,13-15,15-16,
43,43,GAS,2,TRUNK,94009,65009,10-15,14-17,10-11,13-18,
44,43e,GAS,1,EXPRESS,65009,92051,15-20,20-20,-,-,
45,43e,GAS,2,EXPRESS,92059,65009,-,-,15-20,20-20,
46,43M,GAS,1,TRUNK,65009,65009,09-10,10-18,10-12,15-16,S'goon Ctrl
47,518,GAS,1,EXPRESS,77009,77009,10-20,15-20,15-20,13-20,Bayfront Ave
48,518A,GAS,1,EXPRESS,77009,03519,30-30,-,-,-,
49,6,GAS,1,TRUNK,77009,77009,07-08,07-17,07-08,08-08,Loyang Cres
50,62,GAS,1,TRUNK,65009,65009,07-09,08-17,09-14,14-25,Sims Ave
51,62A,GAS,1,TRUNK,65009,81089,00-00,00-00,28,28,Sims Ave
52,661,GAS,1,CITY_LINK,78111,03391,20-20,-,-,-,
53,661,GAS,2,CITY_LINK,03539,78119,-,-,15-15,-,
54,666,GAS,1,CITY_LINK,65309,03391,15-15,-,-,-,
55,666,GAS,2,CITY_LINK,03539,65301,-,-,15-15,-,
56,68,GAS,1,TRUNK,77009,77009,15-15,15-15,15-15,15-15,Tampines Ctrl 1
57,68A,GAS,1,TRUNK,75469,75009,15-16,-,-,-,
58,68B,GAS,1,TRUNK,75009,75461,-,-,14-15,-,
59,82,GAS,1,TRUNK,65009,65009,15-15,15-16,15-15,15-18,S'goon Ctrl
60,83,GAS,1,TRUNK,65009,65009,14-15,14-15,13-14,13-16,Sengkang Sq
61,83T,GAS,1,TRUNK,65009,67009,-,-,-,15-15,
62,84A,GAS,1,TRUNK,65009,65729,02-06,-,-,-,
63,84G,GAS,1,TRUNK,65009,65009,10-11,08-12,10-12,12-17,New Punggol Road
64,84W,GAS,1,TRUNK,65009,65009,12-12,08-12,07-08,07-15,New Punggol Road
65,85,GAS,1,TRUNK,65009,59009,09-15,09-16,09-10,14-18,
66,85,GAS,2,TRUNK,59009,65009,10-14,10-15,09-10,11-18,
67,85A,GAS,1,TRUNK,59009,67441,-,-,39-39,-,
68,10,SBST,1,TRUNK,75009,16009,09-09,07-16,10-17,15-17,
69,10,SBST,2,TRUNK,16009,75009,09-11,09-16,08-13,13-16,
70,100,SBST,1,TRUNK,66009,11009,06-12,05-20,10-13,13-15,
71,100,SBST,2,TRUNK,11009,66009,07-08,06-13,08-10,14-15,
72,100A,SBST,1,TRUNK,66009,81089,17-45,-,19-28,15-19,
73,101,SBST,1,TRUNK,66009,66009,08-09,07-13,08-09,08-14,Buangkok Cres
74,102,SBST,1,TRUNK,64009,64009,09-11,10-13,10-12,12-16,Seletar Aerospace Dr
75,102A,SBST,1,TRUNK,67409,67991,-,-,-,-,
76,102B,SBST,1,TRUNK,67999,67401,10-10,-,-,-,
77,103,SBST,1,TRUNK,66009,59009,10-13,10-14,11-15,16-16,
78,103,SBST,2,TRUNK,59009,66009,10-11,10-15,10-12,14-17,
79,105,SBST,1,TRUNK,66009,28009,09-11,07-13,12-14,11-14,
80,105,SBST,2,TRUNK,28009,66009,07-15,08-15,10-14,11-15,
81,105B,SBST,1,TRUNK,28009,17179,14-14,-,-,-,
82,107,SBST,1,TRUNK,64009,03239,07-10,10-17,11-16,18-18,
83,107,SBST,2,TRUNK,03239,64009,14-15,10-16,09-13,13-13,
84,107M,SBST,1,TRUNK,64009,64009,14-15,13-16,15-16,13-16,Raffles Blvd
85,109,SBST,1,TRUNK,66009,99009,09-14,10-15,15-19,11-18,
86,109,SBST,2,TRUNK,99009,66009,10-15,10-15,10-13,13-18,
87,109A,SBST,1,TRUNK,66009,64611,-,-,12-19,14-28,
88,10e,SBST,1,EXPRESS,85049,03217,10-14,-,-,-,
89,10e,SBST,2,EXPRESS,03222,85041,-,-,10-10,-,
90,11,SBST,1,TRUNK,80009,80009,15-17,15-19,15-19,15-25,Rhu Cross
91,111,SBST,1,TRUNK,11009,11009,09-11,11-13,10-11,10-14,Temasek Ave
92,112,SBST,1,TRUNK,64009,64009,11-15,11-16,12-15,14-18,Hougang St 92
93,112A,SBST,1,TRUNK,64009,63031,-,-,-,15-15,
94,113,SBST,1,TRUNK,64009,64009,12-14,11-16,15-16,11-15,Upp Paya Lebar Rd
95,113A,SBST,1,TRUNK,63039,63031,15-15,-,15-20,26-26,Upp Paya Lebar Rd
96,114,SBST,1,TRUNK,67601,67609,09-11,11-15,09-13,09-20,Buangkok Cres
97,114A,SBST,1,TRUNK,67601,66579,-,-,-,16-17,Buangkok Cres
98,115,SBST,1,TRUNK,63221,63221,15-15,15-19,15-19,15-15,Hougang Ave 3
99,116,SBST,1,TRUNK,64009,64009,09-11,09-13,09-10,09-14,S'goon Ctrl
100,116A,SBST,1,TRUNK,66439,66359,30-31,-,-,-,
101,117,SBST,1,TRUNK,65009,58009,13-13,11-15,-,14-15,
102,117,SBST,2,TRUNK,58009,65009,11-11,09-15,-,12-15,
103,117A,SBST,1,TRUNK,59779,59041,15-36,-,-,-,
104,117M,SBST,1,TRUNK,65009,58009,13-14,-,10-12,-,
105,117M,SBST,2,TRUNK,58009,65009,11-15,-,10-11,-,
106,120,SBST,1,TRUNK,10499,10499,13-15,14-16,15-15,15-18,Telok Blangah Hts
107,121,SBST,1,TRUNK,03239,03239,04-09,07-12,07-07,10-13,Telok Blangah Rise
108,122,SBST,1,TRUNK,10499,10499,13-15,13-17,14-20,20-25,C'wealth Dr
109,123,SBST,1,TRUNK,10009,14539,11-14,13-16,14-14,14-18,
110,123,SBST,2,TRUNK,14539,10009,12-12,12-15,14-15,15-17,
111,123M,SBST,1,TRUNK,14009,14009,11-11,11-15,10-11,13-14,Tiong Bahru Rd
112,124,SBST,1,TRUNK,52499,14009,07-09,08-13,07-12,10-13,
113,124,SBST,2,TRUNK,14009,52499,07-08,08-13,08-09,08-13,
114,125,SBST,1,TRUNK,52499,52499,11-12,10-18,10-16,15-18,Sims Dr
115,125A,SBST,1,TRUNK,81081,60219,09-12,-,-,-,
116,127,SBST,1,TRUNK,75009,75009,10-10,15-20,10-15,10-24,Tampines Ind Ave 5
117,127A,SBST,1,TRUNK,75009,75519,-,-,-,20-20,
118,129,SBST,1,TRUNK,74009,52499,12-12,12-16,12-15,15-23,
119,129,SBST,2,TRUNK,52499,74009,12-12,12-16,12-12,12-25,
120,129A,SBST,1,TRUNK,75229,62071,18-49,-,22-42,-,
121,129B,SBST,1,TRUNK,62099,75221,19-19,19-19,23-45,-,
122,13,SBST,1,TRUNK,55509,94009,09-10,08-14,12-13,13-17,
123,13,SBST,2,TRUNK,94009,55509,10-13,09-13,08-10,11-18,
124,130,SBST,1,TRUNK,54009,03239,08-10,10-15,11-16,15-17,
125,130,SBST,2,TRUNK,03239,54009,13-14,11-15,11-11,14-15,
126,131,SBST,1,TRUNK,52499,10009,06-11,09-14,09-12,11-14,
127,131,SBST,2,TRUNK,10009,52499,08-11,09-14,09-16,11-16,
128,131A,SBST,1,TRUNK,52499,03217,14-18,-,-,-,
129,132,SBST,1,TRUNK,64009,10009,11-16,12-19,14-18,14-19,
130,132,SBST,2,TRUNK,10009,64009,13-14,11-19,14-15,15-16,
131,133,SBST,1,TRUNK,54009,03239,08-09,08-14,08-12,11-13,
132,133,SBST,2,TRUNK,03239,54009,10-12,08-13,08-11,10-13,
133,134,SBST,1,TRUNK,80289,80289,10-10,11-13,11-13,11-12,Marine Terr
134,135,SBST,1,TRUNK,54009,83321,10-12,10-12,11-11,13-16,
135,135,SBST,2,TRUNK,83321,54009,09-12,10-12,11-12,12-15,
136,137,SBST,1,TRUNK,80289,94009,13-14,14-17,11-14,14-17,
137,137,SBST,2,TRUNK,94009,80289,12-13,11-17,10-17,15-17,
138,137A,SBST,1,TRUNK,84031,84451,15-18,-,-,-,
139,138,SBST,1,TRUNK,54009,54009,12-13,09-15,09-14,12-13,Mandai Lake Rd
140,138A,SBST,1,TRUNK,54009,48131,-,13-14,-,-,Mandai Lake Rd
141,138B,SBST,1,TRUNK,54009,55121,-,-,12-12,04-13,
142,139,SBST,1,TRUNK,52009,10009,09-10,13-15,10-12,14-17,
143,139,SBST,2,TRUNK,10009,52009,09-12,09-15,08-14,13-17,
144,139A,SBST,1,TRUNK,52009,52109,-,-,-,27-27,
145,13A,SBST,1,TRUNK,54019,53231,07-21,12-17,-,-,
146,14,SBST,1,TRUNK,84009,17009,10-11,10-16,14-15,14-25,
147,14,SBST,2,TRUNK,17009,84009,13-14,10-15,11-16,16-17,
148,140,SBST,1,TRUNK,80009,80009,14-14,14-15,15-15,14-15,St. Wilfred Rd
149,141,SBST,1,TRUNK,80009,52009,12-14,14-16,15-15,13-23,
150,141,SBST,2,TRUNK,52009,80009,12-12,11-16,11-16,15-25,
151,142,SBST,1,TRUNK,52009,52009,08-09,09-13,08-08,08-16,Potong Pasir Ave 1
152,142A,SBST,1,TRUNK,52009,60209,-,-,-,-,Potong Pasir Ave 1
153,145,SBST,1,TRUNK,52009,11379,07-08,07-15,09-10,13-14,
154,145,SBST,2,TRUNK,11379,52009,08-09,07-12,06-09,08-13,
155,145A,SBST,1,TRUNK,10209,14249,08-26,09-24,-,-,
156,146,SBST,1,TRUNK,62061,62069,12-12,15-15,12-15,12-15,Bidadari Pk Dr
157,147,SBST,1,TRUNK,64009,17009,08-10,10-13,10-12,09-12,
158,147,SBST,2,TRUNK,17009,64009,09-10,09-13,10-12,09-12,
159,147A,SBST,1,TRUNK,64009,05019,18-20,18-52,-,-,
160,14A,SBST,1,TRUNK,84009,09059,18-18,14-24,-,-,
161,14e,SBST,1,EXPRESS,84211,09048,12-13,-,-,-,
162,14e,SBST,2,EXPRESS,09048,84219,-,-,12-12,-,
163,150,SBST,1,TRUNK,82009,82009,12-12,14-15,11-15,12-24,Marine Terr
164,151,SBST,1,TRUNK,64009,16009,06-12,05-16,08-10,14-17,
165,151,SBST,2,TRUNK,16009,64009,07-13,06-17,07-09,09-20,
166,153,SBST,1,TRUNK,10009,64009,14-14,11-15,09-11,15-18,
167,153,SBST,2,TRUNK,64009,10009,10-15,13-16,13-14,17-18,
168,154,SBST,1,TRUNK,22009,82009,05-10,06-11,07-10,11-17,
169,154,SBST,2,TRUNK,82009,22009,11-13,06-13,08-11,11-15,
170,154A,SBST,1,TRUNK,21551,28091,19-22,-,-,-,
171,154B,SBST,1,TRUNK,22009,12101,11-19,-,-,-,
172,155,SBST,1,TRUNK,52009,84009,10-15,09-16,15-17,14-17,
173,155,SBST,2,TRUNK,84009,52009,10-13,09-18,10-15,15-18,
174,156,SBST,1,TRUNK,67009,17009,10-15,10-18,11-16,14-22,
175,156,SBST,2,TRUNK,17009,67009,12-14,10-18,12-18,15-23,
176,157,SBST,1,TRUNK,52009,22009,10-11,08-14,07-10,12-15,
177,157,SBST,2,TRUNK,22009,52009,08-13,07-14,08-11,11-13,
178,158,SBST,1,TRUNK,66009,66009,12-15,12-17,13-15,16-24,Rhu Cross
179,158A,SBST,1,TRUNK,81089,81081,26-26,-,-,-,Rhu Cross
180,159,SBST,1,TRUNK,67009,52009,10-12,06-12,09-11,09-16,
181,159,SBST,2,TRUNK,52009,67009,12-14,09-13,05-11,10-16,
182,159A,SBST,1,TRUNK,67009,54399,11-23,14-17,-,-,
183,159B,SBST,1,TRUNK,54391,54481,06-53,-,-,-,
184,16,SBST,1,TRUNK,84009,10009,17-18,09-26,10-12,11-13,
185,16,SBST,2,TRUNK,10009,84009,08-12,19-26,07-13,10-13,
186,160,SBST,1,TRUNK,29009,29009,15-20,12-20,14-15,15-20,Jln Jim Quee
187,160A,SBST,1,TRUNK,29009,43671,09-49,05-44,12-19,16-51,
188,161,SBST,1,TRUNK,64009,46009,05-10,07-13,08-09,09-14,
189,161,SBST,2,TRUNK,46009,64009,06-10,08-13,06-08,07-13,
190,162,SBST,1,TRUNK,55509,55509,11-11,14-17,15-15,15-22,Sin Ming Dr
191,162,SBST,2,TRUNK,,,13-14,14-17,15-18,18-18,Sin Ming Dr
192,163,SBST,1,TRUNK,67009,52009,13-15,12-15,13-18,14-16,
193,163,SBST,2,TRUNK,52009,67009,14-14,12-16,12-15,13-17,
194,163A,SBST,1,TRUNK,67009,67651,-,-,-,16-17,
195,163B,SBST,1,TRUNK,67009,55039,66-66,-,-,-,
196,165,SBST,1,TRUNK,64009,17009,09-12,11-14,12-13,12-16,
197,165,SBST,2,TRUNK,17009,64009,10-11,11-14,10-13,13-16,
198,166,SBST,1,TRUNK,54009,17009,09-10,09-18,10-14,14-18,
199,166,SBST,2,TRUNK,17009,54009,10-12,08-16,11-18,15-19,
200,168,SBST,1,TRUNK,84009,46009,05-07,06-12,05-09,11-13,
201,168,SBST,2,TRUNK,46009,84009,05-07,06-12,07-09,09-13,
202,168A,SBST,1,TRUNK,46009,76149,-,-,14-14,-,
203,16M,SBST,1,TRUNK,84009,10009,17-18,18-26,-,-,
204,16M,SBST,2,TRUNK,10009,84009,-,19-26,-,-,
205,170,SBST,1,TRUNK,01109,46239,15-20,15-20,15-18,18-20,
206,170,SBST,2,TRUNK,46239,01109,15-20,15-20,15-18,20-20,
207,170X,SBST,1,TRUNK,45131,47711,02-09,03-09,05-08,02-11,
208,170X,SBST,2,TRUNK,47711,45139,-,04-09,-,08-11,
209,174,SBST,1,TRUNK,22009,10499,09-10,04-14,08-18,13-18,
210,174,SBST,2,TRUNK,10499,22009,13-15,07-14,13-16,14-16,
211,174e,SBST,1,EXPRESS,22009,10499,13-13,-,-,-,
212,174e,SBST,2,EXPRESS,10499,22009,-,-,13-14,-,
213,175,SBST,1,TRUNK,17009,80009,10-15,10-20,15-20,20-23,
214,175,SBST,2,TRUNK,80009,17009,11-12,12-19,11-20,19-22,
215,18,SBST,1,TRUNK,74009,84299,07-16,15-16,15-16,16-25,
216,18,SBST,2,TRUNK,84299,74009,12-15,12-16,14-15,15-22,
217,186,SBST,1,TRUNK,03239,52499,15-17,11-18,11-14,11-22,
218,186,SBST,2,TRUNK,52499,03239,09-14,12-18,13-18,17-25,
219,19,SBST,1,TRUNK,75009,75009,06-07,07-16,06-09,09-14,Airport Cargo Rd
220,191,SBST,1,TRUNK,11379,11379,15-20,15-20,15-15,20-20,Portsdown Rd
221,195,SBST,1,TRUNK,02101,02089,10-15,09-16,10-15,14-15,C'wealth Ave
222,195A,SBST,1,TRUNK,02101,10169,-,10-10,-,-,C'wealth Ave
223,196,SBST,1,TRUNK,84009,17009,07-08,07-13,10-14,13-23,
224,196,SBST,2,TRUNK,17009,84009,11-13,05-12,08-10,11-24,
225,196A,SBST,1,TRUNK,84009,03218,-,-,-,-,
226,196e,SBST,1,EXPRESS,93049,03218,08-08,-,-,-,
227,196e,SBST,2,EXPRESS,03222,93041,-,-,08-08,-,
228,197,SBST,1,TRUNK,84009,28009,11-12,11-18,13-15,14-16,
229,197,SBST,2,TRUNK,28009,84009,09-13,11-14,10-14,13-16,
230,198,SBST,1,TRUNK,22009,10009,05-06,08-12,08-09,05-15,
231,198,SBST,2,TRUNK,10009,22009,07-08,05-12,07-10,11-16,
232,198A,SBST,1,TRUNK,22009,28459,-,-,08-17,08-18,
233,20,SBST,1,TRUNK,75009,75009,09-10,10-16,09-13,13-22,Changi Business Pk Ave 3
234,200,SBST,1,TRUNK,11379,11379,10-11,09-17,10-12,16-23,Clementi Rd
235,200A,SBST,1,TRUNK,11379,16009,-,-,-,-,Clementi Rd
236,201,SBST,1,TRUNK,16009,16009,09-11,08-13,10-13,10-14,Pandan Gdns
237,20A,SBST,1,TRUNK,96139,96301,39-39,-,-,-,Changi Business Pk Ave 3
238,21,SBST,1,TRUNK,77009,52499,07-12,11-14,12-16,14-16,
239,21,SBST,2,TRUNK,52499,77009,10-13,08-14,08-16,12-16,
240,21A,SBST,1,TRUNK,80089,07231,-,-,09-22,-,
241,22,SBST,1,TRUNK,54009,82009,09-10,09-15,09-10,12-22,
242,22,SBST,2,TRUNK,82009,54009,09-10,09-16,09-10,09-25,
243,222,SBST,1,FEEDER,84009,84009,04-06,04-10,05-06,08-14,Chai Chee Dr
244,222A,SBST,1,FEEDER,84009,84039,25-25,-,-,-,
245,222B,SBST,1,FEEDER,84039,84031,35-40,-,36-36,48-48,Chai Chee Dr
246,225G,SBST,1,FEEDER,84009,84009,03-05,03-12,03-06,04-12,Bedok Nth St 3
247,225W,SBST,1,FEEDER,84009,84009,05-06,04-09,04-07,04-10,Bedok Nth St 3
248,228,SBST,1,FEEDER,84009,84009,07-09,07-13,08-08,08-19,Bedok Reservoir Rd
249,229,SBST,1,FEEDER,84009,84009,08-09,07-14,08-08,07-16,Bedok Sth Rd
250,23,SBST,1,TRUNK,75009,75009,06-07,06-12,07-09,09-16,Rochor Canal Rd
251,230,SBST,1,FEEDER,52009,52009,10-10,12-12,10-12,10-15,Toa Payoh East
252,231,SBST,1,FEEDER,52009,52009,07-08,07-13,07-08,07-11,Lor 5 Toa Payoh
253,232,SBST,1,FEEDER,52009,52009,05-06,05-09,05-06,06-11,Toa Payoh East
254,235,SBST,1,FEEDER,52009,52009,04-07,04-10,05-06,06-12,Toa Payoh Lk
255,238,SBST,1,FEEDER,52009,52009,03-05,03-06,02-06,03-06,Lor 8 Toa Payoh
256,24,SBST,1,TRUNK,54009,54009,08-09,09-12,07-12,12-15,PTB2 Basement
257,25,SBST,1,TRUNK,54009,94009,05-06,05-12,05-10,10-17,
258,25,SBST,2,TRUNK,94009,54009,05-06,04-12,05-08,06-15,
259,26,SBST,1,TRUNK,84009,52009,08-10,09-13,09-11,10-12,
260,26,SBST,2,TRUNK,52009,84009,08-10,09-13,10-12,11-13,
261,261,SBST,1,FEEDER,54009,54009,03-05,05-07,04-07,05-09,Ang Mo Kio Ave 10
262,262,SBST,1,FEEDER,54009,54009,07-15,09-24,07-19,08-16,Ang Mo Kio Ave 2
263,265,SBST,1,FEEDER,55009,55009,05-07,05-11,05-07,06-13,Ang Mo Kio Ave 10
264,268,SBST,1,FEEDER,55009,55009,06-08,07-13,07-08,07-14,Ang Mo Kio Ave 5
265,268A,SBST,1,FEEDER,55009,54659,27-32,-,-,-,Ang Mo Kio Ave 5
266,268B,SBST,1,FEEDER,55309,54261,14-24,-,41-41,-,
267,268C,SBST,1,FEEDER,54269,55301,36-38,-,34-38,-,
268,269,SBST,1,FEEDER,54009,54009,04-06,04-08,03-06,03-14,Ang Mo Kio St 61
269,269A,SBST,1,FEEDER,54009,55169,-,19-20,19-48,10-50,Ang Mo Kio St 61
270,27,SBST,1,TRUNK,64009,64009,06-07,06-08,06-11,09-11,PTB2 Basement
271,272,SBST,1,FEEDER,10009,10009,06-08,07-12,07-09,08-11,Telok Blangah Rise
272,273,SBST,1,FEEDER,10009,10009,06-09,07-11,07-10,07-12,Henderson Rd
273,27A,SBST,1,TRUNK,67261,76139,02-11,02-12,-,-,
274,28,SBST,1,TRUNK,75009,52009,09-12,07-14,13-14,13-14,
275,28,SBST,2,TRUNK,52009,75009,11-12,09-15,08-11,12-17,
276,29,SBST,1,TRUNK,75009,75009,09-11,09-15,09-10,10-16,Changi Village Rd
277,291,SBST,1,FEEDER,75009,75009,03-05,03-07,03-06,05-12,Tampines St 81
278,292,SBST,1,FEEDER,75009,75009,06-08,10-15,06-07,10-14,Tampines St 22
279,293,SBST,1,FEEDER,75009,75009,04-06,03-08,04-07,05-20,Tampines St 71
280,296,SBST,1,FEEDER,75009,75009,10-10,15-15,09-15,10-17,Tampines Nth Dr 2
281,298,SBST,1,FEEDER,74009,74009,10-12,10-13,10-13,10-16,Tampines Ave 5
282,29A,SBST,1,TRUNK,75009,76241,-,-,30-39,30-30,
283,30,SBST,1,TRUNK,84009,22009,09-09,09-17,10-16,15-17,
284,30,SBST,2,TRUNK,22009,84009,10-10,08-16,07-10,11-19,
285,30e,SBST,1,EXPRESS,84009,16061,12-12,-,-,-,
286,30e,SBST,2,EXPRESS,16069,84009,-,-,12-12,-,
287,31,SBST,1,TRUNK,75009,52009,07-11,08-16,09-11,14-15,
288,31,SBST,2,TRUNK,52009,75009,08-11,09-15,08-11,14-16,
289,315,SBST,1,FEEDER,66009,66009,04-06,04-10,04-07,05-12,S'goon Nth Ave 5
290,317,SBST,1,FEEDER,66009,66009,07-08,07-11,08-10,08-13,Berwick Dr
291,31A,SBST,1,TRUNK,75009,85099,08-11,10-29,-,-,
292,32,SBST,1,TRUNK,84009,11379,11-16,12-18,14-18,18-19,
293,32,SBST,2,TRUNK,11379,84009,12-13,12-19,12-14,18-25,
294,324,SBST,1,FEEDER,64009,64009,08-10,08-13,08-08,10-14,Upp Serangoon View
295,325,SBST,1,FEEDER,64009,64009,06-08,06-13,06-08,08-20,Hougang St 91
296,329,SBST,1,FEEDER,64009,64009,07-09,11-12,08-12,08-12,Buangkok Cres
297,33,SBST,1,TRUNK,84009,16009,14-15,09-15,15-15,14-17,
298,33,SBST,2,TRUNK,16009,84009,12-14,10-18,10-11,12-16,
299,33A,SBST,1,TRUNK,16009,10149,-,24-24,-,-,
300,33B,SBST,1,TRUNK,84009,81179,45-45,-,-,-,
301,35,SBST,1,TRUNK,84009,84009,10-10,09-15,09-14,15-15,Alps Ave
302,35M,SBST,1,TRUNK,84009,84009,-,-,-,15-24,Tanah Merah Ferry Rd
303,37,SBST,1,TRUNK,75009,75009,05-08,05-16,09-12,12-12,Changi Nth Cres
304,371,SBST,1,FEEDER,67009,67009,07-08,10-11,06-11,08-11,Rivervale Cres
305,372,SBST,1,FEEDER,67009,67009,04-06,04-11,05-08,05-11,Punggol Rd
306,374,SBST,1,FEEDER,67759,67759,11-11,11-12,11-12,11-15,Fernvale Rd
307,38,SBST,1,TRUNK,75009,84009,08-10,09-15,09-15,14-15,
308,38,SBST,2,TRUNK,84009,75009,09-10,09-15,09-10,13-15,
309,39,SBST,1,TRUNK,75019,59009,08-13,11-15,10-17,15-17,
310,39,SBST,2,TRUNK,59009,75019,09-12,08-15,09-10,13-16,
311,39A,SBST,1,TRUNK,77031,68119,-,-,21-31,-,
312,39B,SBST,1,TRUNK,65439,77039,-,-,-,-,
313,4,SBST,1,TRUNK,75009,75009,10-12,10-13,10-14,10-13,Changi Nth Way
314,40,SBST,1,TRUNK,84009,84009,13-14,13-18,15-18,18-23,Merpati Rd
315,400,SBST,1,TRUNK,03239,03239,30-30,30-30,20-30,30-30,Marina Coastal Dr
316,401,SBST,1,TRUNK,84009,84009,-,20-20,20-20,20-20,Fort Rd
317,410G,SBST,1,FEEDER,53009,53009,04-06,05-12,06-06,06-14,Shunfu Rd
318,410W,SBST,1,FEEDER,53009,53009,05-06,05-10,04-05,04-12,Shunfu Rd
319,42,SBST,1,TRUNK,83321,83321,10-12,10-14,11-14,10-13,Fidelio St
320,45,SBST,1,TRUNK,94009,55009,08-14,10-17,10-11,11-18,
321,45,SBST,2,TRUNK,55009,94009,11-14,08-17,09-12,12-18,
322,45A,SBST,1,TRUNK,63291,62139,06-18,-,-,-,
323,46,SBST,1,TRUNK,94009,77009,12-12,12-15,12-13,13-25,
324,46,SBST,2,TRUNK,77009,94009,11-12,14-15,11-12,15-22,
325,47,SBST,1,TRUNK,97009,97009,09-10,09-15,10-10,14-15,Amber Rd
326,48,SBST,1,TRUNK,84299,11379,07-09,08-17,12-13,13-18,
327,48,SBST,2,TRUNK,11379,84299,09-12,09-16,08-18,15-18,
328,5,SBST,1,TRUNK,77009,10009,07-12,10-17,13-14,15-18,
329,5,SBST,2,TRUNK,10009,77009,10-11,09-17,09-17,14-17,
330,50,SBST,1,TRUNK,53009,65009,10-11,10-14,14-15,13-14,
331,50,SBST,2,TRUNK,65009,53009,10-14,11-14,14-14,13-14,
332,506,SBST,1,EXPRESS,28009,66009,14-15,16-21,16-24,21-24,
333,506,SBST,2,EXPRESS,66009,28009,16-23,15-21,18-18,16-20,
334,51,SBST,1,TRUNK,64009,28009,10-12,08-17,13-16,13-16,
335,51,SBST,2,TRUNK,28009,64009,11-15,08-15,09-17,14-17,
336,513,SBST,1,EXPRESS,75129,03218,12-13,-,-,-,
337,513,SBST,2,EXPRESS,03222,75121,-,-,15-15,-,
338,51A,SBST,1,TRUNK,28009,20191,-,-,-,17-17,
339,52,SBST,1,TRUNK,53009,28009,11-13,12-15,11-15,13-16,
340,52,SBST,2,TRUNK,28009,53009,11-17,09-17,11-20,14-20,
341,53,SBST,1,TRUNK,53009,53009,08-10,06-11,08-12,09-12,PTB2 Basement
342,53A,SBST,1,TRUNK,77289,95129,50-50,-,-,-,PTB2 Basement
343,53M,SBST,1,TRUNK,63261,63269,03-13,05-22,04-21,05-21,S'goon Ctrl
344,54,SBST,1,TRUNK,53009,10499,11-12,12-15,13-14,13-18,
345,54,SBST,2,TRUNK,10499,53009,14-18,10-15,10-19,12-21,
346,55,SBST,1,TRUNK,53009,94009,08-10,09-16,12-16,13-17,
347,55,SBST,2,TRUNK,94009,53009,08-11,10-15,08-11,14-18,
348,55B,SBST,1,TRUNK,53009,54381,-,35-35,43-44,14-15,
349,56,SBST,1,TRUNK,53009,02089,10-12,11-17,14-15,17-25,
350,56,SBST,2,TRUNK,02101,53009,13-14,11-17,14-15,15-24,
351,57,SBST,1,TRUNK,53009,10009,08-12,09-15,12-16,13-16,
352,57,SBST,2,TRUNK,10009,53009,11-13,11-14,10-14,14-15,
353,58,SBST,1,TRUNK,53009,77009,08-12,09-18,10-16,17-18,
354,58,SBST,2,TRUNK,77009,53009,08-10,07-18,07-14,14-17,
355,58A,SBST,1,TRUNK,62131,75351,-,-,-,-,
356,58B,SBST,1,TRUNK,77009,70281,-,-,-,-,
357,59,SBST,1,TRUNK,53009,99009,09-12,11-17,13-15,15-17,
358,59,SBST,2,TRUNK,99009,53009,08-13,10-17,08-19,15-18,
359,5A,SBST,1,TRUNK,98319,96049,24-28,-,-,-,
360,5B,SBST,1,TRUNK,96169,98311,-,-,44-44,-,
361,60,SBST,1,TRUNK,82009,82009,06-09,08-11,09-11,07-13,Bedok Nth Dr
362,60A,SBST,1,TRUNK,82009,84511,-,-,10-11,11-35,
363,60T,SBST,1,TRUNK,82009,84009,-,-,-,16-17,
364,63,SBST,1,TRUNK,82009,82009,07-09,08-16,09-14,09-14,Jln Rumah Tinggi
365,63A,SBST,1,TRUNK,82009,10599,-,-,-,12-12,Jln Rumah Tinggi
366,63M,SBST,1,TRUNK,82009,82009,08-14,13-18,14-16,14-24,Circuit Rd
367,64,SBST,1,TRUNK,80289,80289,12-14,11-17,15-15,11-16,Mei Ling St
368,65,SBST,1,TRUNK,75009,14009,09-09,09-12,10-11,10-11,
369,65,SBST,2,TRUNK,14009,75009,08-11,08-12,12-12,09-13,
370,652,SBST,1,CITY_LINK,56021,03218,08-09,-,-,-,
371,652,SBST,2,CITY_LINK,03241,56029,-,-,15-15,-,
372,654,SBST,1,CITY_LINK,67319,03218,05-05,-,-,-,
373,654,SBST,2,CITY_LINK,03241,67311,-,-,07-08,-,
374,655,SBST,1,CITY_LINK,20129,03391,10-10,-,-,-,
375,655,SBST,2,CITY_LINK,03539,20121,-,-,15-15,-,
376,660,SBST,1,CITY_LINK,66481,03218,05-06,-,-,-,
377,660,SBST,2,CITY_LINK,03241,66489,-,-,15-15,-,
378,667,SBST,1,CITY_LINK,17201,03391,15-15,-,-,-,
379,667,SBST,2,CITY_LINK,03539,17201,-,-,15-15,-,
380,668,SBST,1,CITY_LINK,54469,03391,06-07,-,-,-,
381,668,SBST,2,CITY_LINK,03539,54461,-,-,15-15,-,
382,671,SBST,1,CITY_LINK,65011,03391,20-20,-,-,-,
383,671,SBST,2,CITY_LINK,03539,65019,-,-,15-15,-,
384,672,SBST,1,CITY_LINK,64431,03391,15-15,-,-,-,
385,672,SBST,2,CITY_LINK,03539,64561,-,-,15-15,-,
386,69,SBST,1,TRUNK,75009,75009,06-07,05-12,06-08,09-25,Bedok Nth Dr
387,7,SBST,1,TRUNK,84009,17009,10-11,02-13,10-14,08-13,
388,7,SBST,2,TRUNK,17009,84009,09-12,08-12,07-12,10-13,
389,70,SBST,1,TRUNK,55509,03239,06-07,07-15,06-07,-,
390,70,SBST,2,TRUNK,03239,55509,08-12,07-14,07-09,08-10,
391,70A,SBST,1,TRUNK,55509,02171,-,-,-,15-15,Temasek Ave
392,70B,SBST,1,TRUNK,55101,66359,18-27,-,-,-,
393,70M,SBST,1,TRUNK,55509,55509,13-14,13-15,13-15,13-15,Temasek Ave
394,71,SBST,1,TRUNK,55509,55509,12-12,15-15,12-15,12-15,Bishan St 11
395,72,SBST,1,TRUNK,55509,75009,05-08,05-10,04-06,07-14,
396,72,SBST,2,TRUNK,75009,55509,05-08,03-10,04-07,04-13,
397,72A,SBST,1,TRUNK,55509,64549,10-57,48-48,-,-,
398,72B,SBST,1,TRUNK,55509,54481,01-04,01-04,-,-,
399,73,SBST,1,TRUNK,54009,54009,10-12,09-12,09-11,10-12,Lor 6 Toa Payoh
400,73T,SBST,1,TRUNK,54009,52009,-,-,-,10-10,Lor 6 Toa Payoh
401,74,SBST,1,TRUNK,64009,11379,05-12,05-13,05-11,10-12,
402,74,SBST,2,TRUNK,11379,64009,06-13,05-13,09-13,09-13,
403,76,SBST,1,TRUNK,55509,82009,10-11,11-14,10-14,14-15,
404,76,SBST,2,TRUNK,82009,55509,10-11,10-14,10-11,09-15,
405,7A,SBST,1,TRUNK,84009,09022,-,-,-,-,
406,7B,SBST,1,TRUNK,17009,08057,-,-,-,-,
407,8,SBST,1,TRUNK,75009,52009,06-08,05-15,08-12,12-18,
408,8,SBST,2,TRUNK,52009,75009,05-07,06-15,07-09,08-18,
409,80,SBST,1,TRUNK,67009,14009,09-14,10-16,13-15,18-19,
410,80,SBST,2,TRUNK,14009,67009,09-13,10-18,14-18,16-18,
411,800,SBST,1,FEEDER,59009,59009,06-08,06-08,06-08,07-09,Sembawang Rd
412,803,SBST,1,FEEDER,59009,59009,06-08,05-08,05-08,04-09,Yishun Ave 6
413,804,SBST,1,FEEDER,59009,59009,05-07,04-06,04-06,05-09,Yishun Ave 11
414,805,SBST,1,FEEDER,59009,59009,06-06,07-09,06-08,06-10,Yishun Ave 1
415,806,SBST,1,FEEDER,59009,59009,03-04,04-06,03-05,03-11,Yishun Ave 6
416,807,SBST,1,FEEDER,59009,59009,03-06,03-07,03-05,04-13,Yishun Ave 5
417,807A,SBST,1,FEEDER,59009,59569,05-12,04-06,-,-,
418,807B,SBST,1,FEEDER,59009,59309,05-06,-,-,-,
419,80A,SBST,1,TRUNK,67009,81089,09-34,12-24,-,-,
420,81,SBST,1,TRUNK,75009,75009,10-11,08-11,08-15,13-17,S'goon Ctrl
421,811,SBST,1,FEEDER,59009,59009,04-06,04-06,04-07,05-07,Yishun Ave 5
422,811A,SBST,1,FEEDER,59009,59159,-,-,04-32,-,Sembawang Rd
423,811T,SBST,1,FEEDER,59009,59009,-,-,-,07-08,Yishun Ave 5
424,812,SBST,1,FEEDER,59009,59009,05-08,05-08,06-09,05-12,Yishun Ave 4
425,812T,SBST,1,FEEDER,59009,59009,-,-,-,10-10,Yishun Ave 4
426,850E,SBST,1,EXPRESS,59581,03218,05-08,-,-,-,
427,850E,SBST,2,EXPRESS,03222,59579,-,-,15-15,-,
428,851,SBST,1,TRUNK,59009,10009,07-09,07-12,07-13,12-13,
429,851,SBST,2,TRUNK,10009,59009,08-10,09-12,08-10,07-13,
430,851e,SBST,1,EXPRESS,59009,05019,30-30,30-30,-,-,
431,851e,SBST,2,EXPRESS,05012,59009,-,30-30,30-30,30-30,
432,852,SBST,1,TRUNK,59009,43009,11-15,13-15,14-15,14-15,
433,852,SBST,2,TRUNK,43009,59009,11-14,11-15,12-15,14-15,
434,86,SBST,1,TRUNK,67009,54009,07-10,10-13,09-12,11-23,
435,86,SBST,2,TRUNK,54009,67009,10-14,09-13,10-13,10-25,
436,860,SBST,1,TRUNK,55509,55509,10-14,12-15,09-12,10-18,Yishun Ave 2
437,860T,SBST,1,TRUNK,55509,59009,-,-,-,12-13,Yishun Ave 2
438,86A,SBST,1,TRUNK,68119,55189,08-35,-,-,-,
439,86B,SBST,1,TRUNK,55181,68111,-,-,11-32,-,
440,87,SBST,1,TRUNK,67009,84009,05-07,04-16,05-08,05-17,
441,87,SBST,2,TRUNK,84009,67009,05-07,05-13,04-13,15-18,
442,88,SBST,1,TRUNK,77009,52009,06-09,06-12,06-10,09-12,
443,88,SBST,2,TRUNK,52009,77009,08-10,06-14,07-12,10-12,
444,88A,SBST,1,TRUNK,65069,54269,06-06,-,-,-,
445,88B,SBST,1,TRUNK,54261,66471,09-35,-,-,-,
446,89,SBST,1,TRUNK,64009,64009,07-10,06-14,06-16,17-19,Airport Cargo Rd
447,89A,SBST,1,TRUNK,65199,95039,08-08,-,-,-,Airport Cargo Rd
448,89e,SBST,1,EXPRESS,64009,95049,06-08,-,-,-,
449,89e,SBST,2,EXPRESS,95051,64009,-,-,10-12,-,
450,9,SBST,1,TRUNK,84009,84009,05-09,05-12,07-16,15-18,Airport Cargo Rd
451,90,SBST,1,TRUNK,52009,52009,11-12,07-17,07-11,17-21,Airport Rd
452,90A,SBST,1,TRUNK,52009,71189,12-46,17-17,-,-,Airport Rd
453,91,SBST,1,TRUNK,11379,11379,08-15,08-19,10-12,10-11,Ayer Rajah Cres
454,92,SBST,1,TRUNK,11009,11009,06-08,07-15,06-08,07-12,
455,92A,SBST,1,TRUNK,11369,18281,-,-,-,17-17,
456,93,SBST,1,TRUNK,14009,82009,12-13,12-16,13-14,15-23,
457,93,SBST,2,TRUNK,82009,14009,10-13,13-17,14-15,14-24,
458,94,SBST,1,TRUNK,82009,82009,09-11,08-18,08-08,13-13,Airport Rd
459,94A,SBST,1,TRUNK,82009,73019,10-11,-,-,-,Airport Rd
460,95,SBST,1,TRUNK,16009,16009,08-10,08-12,09-11,12-25,Holland Rd
461,95B,SBST,1,TRUNK,16009,11361,-,-,21-43,-,
462,99,SBST,1,TRUNK,17009,24009,07-08,06-10,07-08,09-11,
463,99,SBST,2,TRUNK,24009,17009,06-08,05-10,07-08,11-15,
464,993,SBST,1,TRUNK,28009,28009,15-15,20-20,15-20,15-20,Bt Batok West Ave 8
465,9A,SBST,1,TRUNK,84009,98011,-,-,-,48-48,
466,9B,SBST,1,TRUNK,96169,95051,35-35,-,-,-,
467,110,SMRT,1,TRUNK,67759,67759,09-10,10-13,11-12,12,PTB2 Basement
468,172,SMRT,1,TRUNK,44009,22009,06-07,05-13,06-09,09-12,
469,172,SMRT,2,TRUNK,22009,44009,06-07,05-13,07-09,10-13,
470,176,SMRT,1,TRUNK,45009,10009,07-09,06-14,08-11,12-15,
471,176,SMRT,2,TRUNK,10009,45009,08-09,07-14,06-09,08-14,
472,178,SMRT,1,TRUNK,46009,22009,07-15,11-15,13-14,14-18,
473,178,SMRT,2,TRUNK,22009,46009,13-14,13-15,14-15,15-17,
474,178A,SMRT,1,TRUNK,46009,45139,14-42,-,-,-,
475,179,SMRT,1,TRUNK,22009,22009,04-08,02-06,04-06,05-07,Nanyang Dr
476,179A,SMRT,1,TRUNK,22009,22009,02-07,04-07,-,-,Nanyang Dr
477,180,SMRT,1,TRUNK,22009,22009,04-09,08-13,05-11,10-12,Bt Panjang Rd
478,180A,SMRT,1,TRUNK,22009,44259,-,-,24-52,10,
479,181,SMRT,1,TRUNK,22009,22009,06-07,06-10,07-08,07-10,Jurong West Ave 3
480,181M,SMRT,1,TRUNK,22009,22009,06-07,-,-,-,Jurong West St 23
481,182,SMRT,1,TRUNK,24009,24009,07-10,08-17,-,17-22,Tuas Sth Ave 9
482,182M,SMRT,1,TRUNK,24009,24009,-,07-18,08-11,11-21,Tuas Sth Ave 9
483,184,SMRT,1,TRUNK,44989,44989,06-08,06-09,06-09,07-11,C'wealth Ave West
484,185,SMRT,1,TRUNK,22609,11379,09-15,09-17,11-14,13-14,
485,185,SMRT,2,TRUNK,11379,22609,09-14,09-15,09-18,13-17,
486,187,SMRT,1,TRUNK,46009,22009,07-09,05-11,07-13,09-13,
487,187,SMRT,2,TRUNK,22009,46009,06-08,06-10,06-09,07-13,
488,188,SMRT,1,TRUNK,44009,14009,05-10,07-16,07-13,13-14,
489,188,SMRT,2,TRUNK,14009,44009,09-14,07-16,07-08,08-14,
490,188e,SMRT,1,EXPRESS,44009,14009,15,-,-,-,
491,190,SMRT,1,TRUNK,44009,10499,02-05,04-07,06-07,07-11,
492,190,SMRT,2,TRUNK,10499,44009,08-11,04-07,04-06,05-08,
493,190A,SMRT,1,TRUNK,44009,08057,04-24,-,-,-,
494,192,SMRT,1,TRUNK,22009,25009,06-09,08-14,07-10,08-23,
495,192,SMRT,2,TRUNK,25009,22009,08-09,07-14,06-09,09-23,
496,193,SMRT,1,TRUNK,22009,25009,14-16,12-18,18-19,16-25,
497,193,SMRT,2,TRUNK,25009,22009,14-15,12-18,18-19,16-24,
498,194,SMRT,1,TRUNK,22009,22009,09-10,09-13,09-16,15-23,Jln Ahmad Ibrahim
499,199,SMRT,1,TRUNK,22009,22009,04-10,04-16,07-10,10-15,Nanyang Cres
